id,nombre,apellidos,email,telefono,ciudad
1,Valentina,Molina,vr261112@gmail.com,663129339,Valencia
2,Laura,Gómez,laura.gomez@gmail.com,655443322,Madrid
3,Carlos,Pérez,carlos.perez@hotmail.com,677889900,Barcelona
4,Sofía,Ruiz,sofia.ruiz@outlook.com,622334455,Sevilla
5,Javier,Martínez,javi.martinez@yahoo.es,644556677,Zaragoza
6,Ana,Fernández,ana.fernandez@gmail.com,633445566,Bilbao
7,Diego,Navarro,diego.navarro@hotmail.com,688990011,Málaga
8,Lucía,Sánchez,lucia.sanchez@outlook.com,611998877,Alicante
9,Marcos,Torres,marcos.torres@gmail.com,666778899,Valladolid
