id,nombre,categoria,precio,stock
1,Taladro Percutor 750W,Herramientas Eléctricas,59.99,15
2,Juego de Destornilladores,Herramientas Manuales,14.50,40
3,Pintura Plástica Blanca 15L,Pintura y Droguería,32.90,25
4,Cinta Métrica 5m,Medición,4.25,60
5,Martillo de Peña 500g,Herramientas Manuales,8.75,35
6,Discos de Corte para Metal,Consumibles,2.10,120
7,Caja de Herramientas Plástica,Almacenaje,19.95,20
8,Lijadora Orbital 200W,Herramientas Eléctricas,42.00,10
9,Adhesivo de Montaje 300ml,Químicos,6.80,50
